{
  "config": {
    "batteryCapacity": 100,
    "numCells": 3,
    "cellCapacity": [
      33,
      33,
      33
    ],
    "cellPower": [
      200,
      200,
      200
    ],
    "initialSOC": [
      100,
      100,
      100
    ],
    "initialSOH": [
      100,
      100,
      100
    ],
    "degradationRate": [
      1,
      1,
      1
    ],
    "maxDischargeCurrent": 120,
    "maxChargeCurrent": 100
  },
  "time_series": {
    "timestamps": [
      11.896837,
      11.899849,
      13.399773,
      14.899684,
      16.399598,
      17.899526,
      19.39944,
      20.899349,
      22.399262,
      23.899184,
      25.399108,
      26.899017,
      28.398949,
      29.898868,
      31.398773,
      32.898679,
      34.398598,
      35.898531,
      37.398458,
      38.898364,
      40.398288,
      41.898197,
      43.398135,
      44.898044,
      46.397958,
      47.897872,
      49.397798,
      50.897708,
      52.397621,
      53.897562,
      55.397468,
      56.897369,
      58.397279,
      59.897212,
      61.397145,
      62.897051,
      64.396961,
      65.896887,
      67.3968,
      68.896709,
      70.396615,
      71.896548,
      73.396466,
      74.896379,
      76.396296,
      77.896233,
      79.396146,
      80.896064,
      82.395984,
      83.895888,
      85.395819,
      86.895727,
      88.395629,
      89.895549,
      91.395465,
      92.89539,
      94.395307,
      95.895221,
      97.395135,
      98.89505,
      100.39497,
      101.894893,
      103.394805,
      104.894715,
      106.394627,
      107.894537,
      109.394478,
      110.894388,
      112.394306,
      113.894223,
      115.394152,
      116.894065,
      118.393978,
      119.893904,
      121.393818,
      122.89373,
      124.39365,
      125.893576,
      127.393502,
      128.893413,
      130.39332,
      131.893237,
      133.39317,
      134.893079,
      136.392985,
      137.892898,
      139.392822,
      140.892741,
      142.392659,
      143.892561,
      145.392489,
      146.892404,
      148.39232,
      149.892227,
      151.392155,
      152.892088,
      154.392006,
      155.8919,
      157.391824,
      158.891747,
      160.391664,
      161.891591,
      163.391507,
      164.891412,
      166.39133,
      167.891248,
      169.391165,
      170.891085,
      172.39101,
      173.890926,
      175.39084,
      176.890745,
      178.390669,
      179.890584,
      181.390495,
      182.890419,
      184.390339,
      185.890263,
      187.39018,
      188.890094,
      190.390015,
      191.889931,
      193.389861,
      194.889774,
      196.389683,
      197.8896,
      199.389523,
      200.889436,
      202.389369,
      203.889278,
      205.389186,
      206.889099,
      208.389026
    ],
    "packSOC": [
      98,
      97,
      97,
      96,
      94,
      93,
      93,
      92,
      90,
      89,
      89,
      88,
      86,
      85,
      85,
      84,
      82,
      81,
      81,
      80,
      78,
      77,
      77,
      76,
      74,
      73,
      73,
      72,
      70,
      69,
      69,
      68,
      66,
      65,
      65,
      64,
      62,
      61,
      61,
      60,
      58,
      57,
      57,
      56,
      54,
      53,
      53,
      52,
      50,
      49,
      49,
      48,
      46,
      45,
      45,
      44,
      42,
      41,
      41,
      40,
      38,
      37,
      37,
      36,
      34,
      33,
      33,
      32,
      32,
      31,
      31,
      30,
      30,
      29,
      29,
      28,
      28,
      27,
      27,
      26,
      26,
      25,
      25,
      24,
      24,
      23,
      23,
      22,
      22,
      21,
      21,
      20,
      20,
      19,
      19,
      18,
      18,
      17,
      17,
      16,
      16,
      15,
      15,
      14,
      14,
      13,
      13,
      12,
      12,
      11,
      11,
      10,
      10,
      9,
      9,
      8,
      8,
      7,
      7,
      6,
      6,
      5,
      5,
      4,
      4,
      3,
      3,
      2,
      2,
      1,
      1,
      0,
      0
    ],
    "packSOH": [
      100,
      100,
      100,
      99,
      99,
      99,
      99,
      99,
      99,
      98,
      98,
      98,
      98,
      98,
      98,
      98,
      97,
      97,
      97,
      97,
      97,
      97,
      97,
      96,
      96,
      96,
      96,
      96,
      96,
      95,
      95,
      95,
      95,
      95,
      95,
      95,
      94,
      94,
      94,
      94,
      94,
      94,
      94,
      93,
      93,
      93,
      93,
      93,
      93,
      92,
      92,
      92,
      92,
      92,
      92,
      92,
      91,
      91,
      91,
      91,
      91,
      91,
      91,
      90,
      90,
      90,
      90,
      90,
      90,
      89,
      89,
      89,
      89,
      89,
      89,
      89,
      88,
      88,
      88,
      88,
      88,
      88,
      88,
      87,
      87,
      87,
      87,
      87,
      87,
      86,
      86,
      86,
      86,
      86,
      86,
      86,
      85,
      85,
      85,
      85,
      85,
      85,
      85,
      84,
      84,
      84,
      84,
      84,
      84,
      83,
      83,
      83,
      83,
      83,
      83,
      83,
      82,
      82,
      82,
      82,
      82,
      82,
      82,
      81,
      81,
      81,
      81,
      81,
      81,
      80,
      80,
      80,
      80
    ],
    "packTemp": [
      0,
      0,
      1,
      1,
      2,
      2,
      3,
      3,
      4,
      4,
      5,
      5,
      6,
      6,
      7,
      7,
      8,
      8,
      9,
      9,
      10,
      10,
      11,
      11,
      12,
      12,
      13,
      13,
      14,
      14,
      15,
      15,
      16,
      16,
      17,
      17,
      18,
      18,
      19,
      19,
      20,
      20,
      21,
      21,
      22,
      22,
      23,
      23,
      24,
      24,
      25,
      25,
      26,
      26,
      27,
      27,
      28,
      28,
      29,
      29,
      30,
      30,
      31,
      31,
      32,
      32,
      33,
      33,
      34,
      34,
      35,
      35,
      36,
      36,
      37,
      37,
      38,
      38,
      49,
      49,
      50,
      50,
      51,
      51,
      52,
      52,
      32,
      32,
      33,
      33,
      34,
      34,
      35,
      35,
      36,
      36,
      37,
      37,
      38,
      38,
      39,
      39,
      40,
      40,
      41,
      41,
      42,
      42,
      43,
      43,
      44,
      44,
      69,
      69,
      70,
      70,
      70,
      70,
      70,
      70,
      70,
      70,
      70,
      70,
      70,
      70,
      70,
      70,
      70,
      70,
      70,
      70,
      70
    ],